rebalance_date,ticker,score,weight,basket_fwd_ret,universe_fwd_ret,spread,spearman_ic,hit_rate
1992-12-31,Idx_01,0.10260630127567621,0.2,-0.04126429813469261,0.03400948640176825,-0.07527378453646086,-0.35040322580645167,0.4
1992-12-31,Stock_02,0.04538506609468132,0.2,-0.04126429813469261,0.03400948640176825,-0.07527378453646086,-0.35040322580645167,0.4
1992-12-31,Comm_04,0.035695090921572685,0.2,-0.04126429813469261,0.03400948640176825,-0.07527378453646086,-0.35040322580645167,0.4
1992-12-31,Stock_01,0.015978444054355858,0.2,-0.04126429813469261,0.03400948640176825,-0.07527378453646086,-0.35040322580645167,0.4
1992-12-31,Stock_04,0.015395822964290231,0.2,-0.04126429813469261,0.03400948640176825,-0.07527378453646086,-0.35040322580645167,0.4
1993-01-29,Idx_01,0.1381580378936816,0.2,0.07483173875654302,0.027556056672051365,0.04727568208449165,0.00040322580645161296,0.6
1993-01-29,Comm_04,0.06319550863418111,0.2,0.07483173875654302,0.027556056672051365,0.04727568208449165,0.00040322580645161296,0.6
1993-01-29,Stock_11,0.050715188050650784,0.2,0.07483173875654302,0.027556056672051365,0.04727568208449165,0.00040322580645161296,0.6
1993-01-29,Stock_02,0.03667439932658368,0.2,0.07483173875654302,0.027556056672051365,0.04727568208449165,0.00040322580645161296,0.6
1993-01-29,Stock_06,0.03400282053261531,0.2,0.07483173875654302,0.027556056672051365,0.04727568208449165,0.00040322580645161296,0.6
1993-02-26,Idx_01,0.0906298721200316,0.2,-0.03231139429333049,-0.006253821798167778,-0.026057572495162714,-0.08185483870967743,0.2
1993-02-26,Stock_14,0.0407795581351189,0.2,-0.03231139429333049,-0.006253821798167778,-0.026057572495162714,-0.08185483870967743,0.2
1993-02-26,Comm_02,0.030608846313161273,0.2,-0.03231139429333049,-0.006253821798167778,-0.026057572495162714,-0.08185483870967743,0.2
1993-02-26,Comm_01,0.02106196509252472,0.2,-0.03231139429333049,-0.006253821798167778,-0.026057572495162714,-0.08185483870967743,0.2
1993-02-26,Idx_04,0.02031942623432039,0.2,-0.03231139429333049,-0.006253821798167778,-0.026057572495162714,-0.08185483870967743,0.2
1993-03-31,Idx_01,0.19919668642571756,0.2,-0.0640849401003885,-0.01056916529864884,-0.053515774801739656,-0.20927419354838714,0.2
1993-03-31,Stock_09,0.02413591628326069,0.2,-0.0640849401003885,-0.01056916529864884,-0.053515774801739656,-0.20927419354838714,0.2
1993-03-31,Idx_04,0.023884251544154876,0.2,-0.0640849401003885,-0.01056916529864884,-0.053515774801739656,-0.20927419354838714,0.2
1993-03-31,Stock_06,0.017132072457375698,0.2,-0.0640849401003885,-0.01056916529864884,-0.053515774801739656,-0.20927419354838714,0.2
1993-03-31,FX_05,0.015182076851312445,0.2,-0.0640849401003885,-0.01056916529864884,-0.053515774801739656,-0.20927419354838714,0.2
1993-04-30,Stock_04,0.0903721740721159,0.2,0.04412073367481917,0.01845813481406499,0.025662598860754178,0.21532258064516133,0.6
1993-04-30,Idx_01,0.07486118245751311,0.2,0.04412073367481917,0.01845813481406499,0.025662598860754178,0.21532258064516133,0.6
1993-04-30,Stock_02,0.06126535095815204,0.2,0.04412073367481917,0.01845813481406499,0.025662598860754178,0.21532258064516133,0.6
1993-04-30,Stock_11,0.03232409390728463,0.2,0.04412073367481917,0.01845813481406499,0.025662598860754178,0.21532258064516133,0.6
1993-04-30,Stock_09,0.030471697878380624,0.2,0.04412073367481917,0.01845813481406499,0.025662598860754178,0.21532258064516133,0.6
1993-05-31,Stock_02,0.042544931078538295,0.2,0.011496417611032927,0.009745492723421192,0.001750924887611735,0.05887096774193549,0.4
1993-05-31,FX_03,0.034075038001545994,0.2,0.011496417611032927,0.009745492723421192,0.001750924887611735,0.05887096774193549,0.4
1993-05-31,Idx_04,0.029888935745861423,0.2,0.011496417611032927,0.009745492723421192,0.001750924887611735,0.05887096774193549,0.4
1993-05-31,Stock_11,0.026398085430263084,0.2,0.011496417611032927,0.009745492723421192,0.001750924887611735,0.05887096774193549,0.4
1993-05-31,Stock_13,0.025787558275787385,0.2,0.011496417611032927,0.009745492723421192,0.001750924887611735,0.05887096774193549,0.4
1993-06-30,Stock_04,0.06568903383175863,0.2,0.04381412488898287,0.011604808927227091,0.032209315961755774,0.16814516129032261,0.6
1993-06-30,Stock_10,0.03479212881901794,0.2,0.04381412488898287,0.011604808927227091,0.032209315961755774,0.16814516129032261,0.6
1993-06-30,Stock_11,0.02409790199688404,0.2,0.04381412488898287,0.011604808927227091,0.032209315961755774,0.16814516129032261,0.6
1993-06-30,FX_03,0.021996650991863178,0.2,0.04381412488898287,0.011604808927227091,0.032209315961755774,0.16814516129032261,0.6
1993-06-30,Stock_03,0.02183754701421022,0.2,0.04381412488898287,0.011604808927227091,0.032209315961755774,0.16814516129032261,0.6
1993-07-30,Comm_04,0.06256594601118785,0.2,0.02314689185994916,0.015038597050756053,0.008108294809193107,0.037500000000000006,0.6
1993-07-30,Stock_06,0.028553102131918938,0.2,0.02314689185994916,0.015038597050756053,0.008108294809193107,0.037500000000000006,0.6
1993-07-30,Stock_11,0.018313677826076683,0.2,0.02314689185994916,0.015038597050756053,0.008108294809193107,0.037500000000000006,0.6
1993-07-30,Stock_03,0.012044911051078085,0.2,0.02314689185994916,0.015038597050756053,0.008108294809193107,0.037500000000000006,0.6
1993-07-30,Comm_06,0.010126479056643694,0.2,0.02314689185994916,0.015038597050756053,0.008108294809193107,0.037500000000000006,0.6
1993-08-31,Comm_04,0.0694605508730183,0.2,-0.033974116272259526,-0.004546016805208815,-0.02942809946705071,-0.031048387096774197,0.4
1993-08-31,Stock_09,0.02968551082577079,0.2,-0.033974116272259526,-0.004546016805208815,-0.02942809946705071,-0.031048387096774197,0.4
1993-08-31,Stock_06,0.020208368543654716,0.2,-0.033974116272259526,-0.004546016805208815,-0.02942809946705071,-0.031048387096774197,0.4
1993-08-31,Idx_01,0.020093460058164276,0.2,-0.033974116272259526,-0.004546016805208815,-0.02942809946705071,-0.031048387096774197,0.4
1993-08-31,Stock_11,0.017047234224537047,0.2,-0.033974116272259526,-0.004546016805208815,-0.02942809946705071,-0.031048387096774197,0.4
1993-09-30,Stock_06,0.02144001179917378,0.2,0.05903163132404991,0.017912585960529318,0.041119045363520595,-0.07822580645161291,0.8
1993-09-30,Stock_09,0.01998531207750765,0.2,0.05903163132404991,0.017912585960529318,0.041119045363520595,-0.07822580645161291,0.8
1993-09-30,Stock_02,0.01811185063357161,0.2,0.05903163132404991,0.017912585960529318,0.041119045363520595,-0.07822580645161291,0.8
1993-09-30,Stock_04,0.017490104405072284,0.2,0.05903163132404991,0.017912585960529318,0.041119045363520595,-0.07822580645161291,0.8
1993-09-30,Stock_11,0.01674785509945774,0.2,0.05903163132404991,0.017912585960529318,0.041119045363520595,-0.07822580645161291,0.8
1993-10-29,Idx_01,0.11794273494339909,0.2,0.02394285105178762,0.010234308051249747,0.013708543000537874,-0.03568908174201293,0.6
1993-10-29,Stock_11,0.022692402559750198,0.2,0.02394285105178762,0.010234308051249747,0.013708543000537874,-0.03568908174201293,0.6
1993-10-29,Stock_07,0.022560182486020635,0.2,0.02394285105178762,0.010234308051249747,0.013708543000537874,-0.03568908174201293,0.6
1993-10-29,Stock_06,0.014597618120959195,0.2,0.02394285105178762,0.010234308051249747,0.013708543000537874,-0.03568908174201293,0.6
1993-10-29,Stock_04,0.0119083838680621,0.2,0.02394285105178762,0.010234308051249747,0.013708543000537874,-0.03568908174201293,0.6
1993-11-30,Idx_01,0.060795411211647964,0.2,-0.017474313749239537,-0.014101989986190422,-0.003372323763049115,0.2762096774193548,0.4
1993-11-30,Stock_06,0.026793835317608854,0.2,-0.017474313749239537,-0.014101989986190422,-0.003372323763049115,0.2762096774193548,0.4
1993-11-30,Comm_04,0.017561261264474586,0.2,-0.017474313749239537,-0.014101989986190422,-0.003372323763049115,0.2762096774193548,0.4
1993-11-30,Stock_11,0.017083233444126513,0.2,-0.017474313749239537,-0.014101989986190422,-0.003372323763049115,0.2762096774193548,0.4
1993-11-30,Stock_08,0.01619446727747639,0.2,-0.017474313749239537,-0.014101989986190422,-0.003372323763049115,0.2762096774193548,0.4
1993-12-31,Idx_01,0.10133865978629715,0.2,0.04018572918018483,0.004777239381020086,0.03540848979916474,0.15887096774193551,0.4
1993-12-31,Stock_15,0.01789620192535686,0.2,0.04018572918018483,0.004777239381020086,0.03540848979916474,0.15887096774193551,0.4
1993-12-31,Comm_03,0.016311354249423454,0.2,0.04018572918018483,0.004777239381020086,0.03540848979916474,0.15887096774193551,0.4
1993-12-31,Stock_08,0.011662297385810927,0.2,0.04018572918018483,0.004777239381020086,0.03540848979916474,0.15887096774193551,0.4
1993-12-31,Stock_11,0.010653886046749918,0.2,0.04018572918018483,0.004777239381020086,0.03540848979916474,0.15887096774193551,0.4
1994-01-31,Comm_01,0.042241118280998025,0.2,-0.056803049717502496,-0.04139505743036133,-0.015407992287141167,-0.2266129032258065,0.4
1994-01-31,Stock_03,0.020152756217896448,0.2,-0.056803049717502496,-0.04139505743036133,-0.015407992287141167,-0.2266129032258065,0.4
1994-01-31,Stock_08,0.019240128543103484,0.2,-0.056803049717502496,-0.04139505743036133,-0.015407992287141167,-0.2266129032258065,0.4
1994-01-31,Stock_07,0.018196109563752512,0.2,-0.056803049717502496,-0.04139505743036133,-0.015407992287141167,-0.2266129032258065,0.4
1994-01-31,FX_01,0.01651925029872602,0.2,-0.056803049717502496,-0.04139505743036133,-0.015407992287141167,-0.2266129032258065,0.4
1994-02-28,Comm_03,0.03260708403188428,0.2,-0.027375110839362567,0.02803826315614232,-0.05541337399550489,0.10725806451612906,0.4
1994-02-28,Comm_04,0.018270310635365564,0.2,-0.027375110839362567,0.02803826315614232,-0.05541337399550489,0.10725806451612906,0.4
1994-02-28,Stock_09,0.009878981193928315,0.2,-0.027375110839362567,0.02803826315614232,-0.05541337399550489,0.10725806451612906,0.4
1994-02-28,Stock_05,0.005296694867953352,0.2,-0.027375110839362567,0.02803826315614232,-0.05541337399550489,0.10725806451612906,0.4
1994-02-28,FX_01,0.004976162203363934,0.2,-0.027375110839362567,0.02803826315614232,-0.05541337399550489,0.10725806451612906,0.4
1994-03-31,Idx_01,0.055262006785606846,0.2,0.0004905627299161136,-0.039359169262731634,0.03984973199264775,-0.05604838709677419,0.2
1994-03-31,Comm_04,0.025784558599987614,0.2,0.0004905627299161136,-0.039359169262731634,0.03984973199264775,-0.05604838709677419,0.2
1994-03-31,Stock_15,0.02278036977055022,0.2,0.0004905627299161136,-0.039359169262731634,0.03984973199264775,-0.05604838709677419,0.2
1994-03-31,Stock_08,0.022685416066478375,0.2,0.0004905627299161136,-0.039359169262731634,0.03984973199264775,-0.05604838709677419,0.2
1994-03-31,Stock_03,0.021959412401306323,0.2,0.0004905627299161136,-0.039359169262731634,0.03984973199264775,-0.05604838709677419,0.2
1994-04-29,Stock_08,0.04770140587522025,0.2,0.06402957538781907,0.06485924432103872,-0.0008296689332196461,0.04717741935483871,0.4
1994-04-29,Comm_01,0.033599816463569056,0.2,0.06402957538781907,0.06485924432103872,-0.0008296689332196461,0.04717741935483871,0.4
1994-04-29,Stock_05,0.027169683975667224,0.2,0.06402957538781907,0.06485924432103872,-0.0008296689332196461,0.04717741935483871,0.4
1994-04-29,FX_06,0.023256552562239192,0.2,0.06402957538781907,0.06485924432103872,-0.0008296689332196461,0.04717741935483871,0.4
1994-04-29,Stock_09,0.018813177805854082,0.2,0.06402957538781907,0.06485924432103872,-0.0008296689332196461,0.04717741935483871,0.4
1994-05-31,Comm_04,0.06214771598294503,0.2,0.04924300522460323,0.002907818133966004,0.04633518709063723,0.12056451612903227,0.8
1994-05-31,Stock_05,0.026063640801628284,0.2,0.04924300522460323,0.002907818133966004,0.04633518709063723,0.12056451612903227,0.8
1994-05-31,Stock_01,0.02153740608140125,0.2,0.04924300522460323,0.002907818133966004,0.04633518709063723,0.12056451612903227,0.8
1994-05-31,Stock_10,0.0204070049971528,0.2,0.04924300522460323,0.002907818133966004,0.04633518709063723,0.12056451612903227,0.8
1994-05-31,FX_01,0.01154594047548706,0.2,0.04924300522460323,0.002907818133966004,0.04633518709063723,0.12056451612903227,0.8
1994-06-30,Stock_08,0.09492399796551389,0.2,0.05963795307420596,0.01397138539969881,0.04566656767450715,0.3536290322580646,0.8
1994-06-30,Comm_03,0.07856061123196408,0.2,0.05963795307420596,0.01397138539969881,0.04566656767450715,0.3536290322580646,0.8
1994-06-30,Stock_05,0.038240885700587535,0.2,0.05963795307420596,0.01397138539969881,0.04566656767450715,0.3536290322580646,0.8
1994-06-30,Comm_01,0.03626743856109264,0.2,0.05963795307420596,0.01397138539969881,0.04566656767450715,0.3536290322580646,0.8
1994-06-30,Stock_10,0.02040529387753832,0.2,0.05963795307420596,0.01397138539969881,0.04566656767450715,0.3536290322580646,0.8
1994-07-29,Comm_04,0.10598315535322426,0.2,0.03836691358754281,0.007250260574689746,0.031116653012853063,-0.06693548387096775,0.6
1994-07-29,Idx_01,0.05354646084520402,0.2,0.03836691358754281,0.007250260574689746,0.031116653012853063,-0.06693548387096775,0.6
1994-07-29,Stock_12,0.047861721189660304,0.2,0.03836691358754281,0.007250260574689746,0.031116653012853063,-0.06693548387096775,0.6
1994-07-29,Stock_06,0.024521076642374164,0.2,0.03836691358754281,0.007250260574689746,0.031116653012853063,-0.06693548387096775,0.6
1994-07-29,Stock_04,0.02287835860830112,0.2,0.03836691358754281,0.007250260574689746,0.031116653012853063,-0.06693548387096775,0.6
1994-08-31,Comm_04,0.07738450037770453,0.2,-0.0819440843490151,-0.04839383666863214,-0.03355024768038296,-0.15040322580645166,0.4
1994-08-31,Stock_14,0.01778068843703446,0.2,-0.0819440843490151,-0.04839383666863214,-0.03355024768038296,-0.15040322580645166,0.4
1994-08-31,Stock_15,0.016918860488355145,0.2,-0.0819440843490151,-0.04839383666863214,-0.03355024768038296,-0.15040322580645166,0.4
1994-08-31,Stock_02,0.01307776657377534,0.2,-0.0819440843490151,-0.04839383666863214,-0.03355024768038296,-0.15040322580645166,0.4
1994-08-31,FX_02,0.010008531039205166,0.2,-0.0819440843490151,-0.04839383666863214,-0.03355024768038296,-0.15040322580645166,0.4
1994-09-30,Stock_14,0.04701011122152769,0.2,0.025615181272272934,0.00032349536843266413,0.02529168590384027,0.24395161290322584,0.6
1994-09-30,Idx_02,0.030406522750867512,0.2,0.025615181272272934,0.00032349536843266413,0.02529168590384027,0.24395161290322584,0.6
1994-09-30,Comm_06,0.02379709006523195,0.2,0.025615181272272934,0.00032349536843266413,0.02529168590384027,0.24395161290322584,0.6
1994-09-30,Comm_05,0.023107805442595702,0.2,0.025615181272272934,0.00032349536843266413,0.02529168590384027,0.24395161290322584,0.6
1994-09-30,Stock_13,0.022579295465610563,0.2,0.025615181272272934,0.00032349536843266413,0.02529168590384027,0.24395161290322584,0.6
1994-10-31,Comm_03,0.047770551763484846,0.2,-0.01902575907395454,-0.037806651749902276,0.018780892675947736,0.027419354838709678,0.6
1994-10-31,Stock_04,0.02773665980392904,0.2,-0.01902575907395454,-0.037806651749902276,0.018780892675947736,0.027419354838709678,0.6
1994-10-31,Stock_08,0.019727195887046873,0.2,-0.01902575907395454,-0.037806651749902276,0.018780892675947736,0.027419354838709678,0.6
1994-10-31,Stock_02,0.01712277275030012,0.2,-0.01902575907395454,-0.037806651749902276,0.018780892675947736,0.027419354838709678,0.6
1994-10-31,Comm_06,0.01574530119200569,0.2,-0.01902575907395454,-0.037806651749902276,0.018780892675947736,0.027419354838709678,0.6
1994-11-30,Comm_03,0.04861686291152944,0.2,0.004661451554073338,-0.01151629091128952,0.016177742465362858,0.2,0.6
1994-11-30,Stock_05,0.024770668378070813,0.2,0.004661451554073338,-0.01151629091128952,0.016177742465362858,0.2,0.6
1994-11-30,Stock_01,0.01903585500126867,0.2,0.004661451554073338,-0.01151629091128952,0.016177742465362858,0.2,0.6
1994-11-30,Idx_03,0.01327798446357002,0.2,0.004661451554073338,-0.01151629091128952,0.016177742465362858,0.2,0.6
1994-11-30,Stock_14,0.0131154154802479,0.2,0.004661451554073338,-0.01151629091128952,0.016177742465362858,0.2,0.6
1994-12-30,Stock_07,0.18824179561286844,0.2,-0.01263187609389178,-0.02800843780747247,0.015376561713580691,-0.056854838709677426,0.4
1994-12-30,Comm_03,0.07416675421701364,0.2,-0.01263187609389178,-0.02800843780747247,0.015376561713580691,-0.056854838709677426,0.4
1994-12-30,Idx_01,0.03878403725002376,0.2,-0.01263187609389178,-0.02800843780747247,0.015376561713580691,-0.056854838709677426,0.4
1994-12-30,Stock_05,0.02150552470393707,0.2,-0.01263187609389178,-0.02800843780747247,0.015376561713580691,-0.056854838709677426,0.4
1994-12-30,Stock_06,0.019195707954140065,0.2,-0.01263187609389178,-0.02800843780747247,0.015376561713580691,-0.056854838709677426,0.4
1995-01-31,Comm_03,0.06985278815734486,0.2,-0.14985065525971714,-0.04612862505585453,-0.10372203020386261,-0.34314516129032263,0.0
1995-01-31,Stock_15,0.06163341767442012,0.2,-0.14985065525971714,-0.04612862505585453,-0.10372203020386261,-0.34314516129032263,0.0
1995-01-31,Stock_12,0.058475039827085656,0.2,-0.14985065525971714,-0.04612862505585453,-0.10372203020386261,-0.34314516129032263,0.0
1995-01-31,Stock_10,0.04504867066371131,0.2,-0.14985065525971714,-0.04612862505585453,-0.10372203020386261,-0.34314516129032263,0.0
1995-01-31,Stock_14,0.043209655749701786,0.2,-0.14985065525971714,-0.04612862505585453,-0.10372203020386261,-0.34314516129032263,0.0
1995-02-28,Stock_15,0.1473028143857372,0.2,-0.02707580882366003,-0.05719061221766926,0.03011480339400923,-0.3181451612903226,0.4
1995-02-28,Comm_03,0.08241860901647954,0.2,-0.02707580882366003,-0.05719061221766926,0.03011480339400923,-0.3181451612903226,0.4
1995-02-28,Comm_04,0.06011365356820598,0.2,-0.02707580882366003,-0.05719061221766926,0.03011480339400923,-0.3181451612903226,0.4
1995-02-28,Stock_07,0.03552782166013423,0.2,-0.02707580882366003,-0.05719061221766926,0.03011480339400923,-0.3181451612903226,0.4
1995-02-28,Stock_13,0.02129689297581884,0.2,-0.02707580882366003,-0.05719061221766926,0.03011480339400923,-0.3181451612903226,0.4
1995-03-31,Stock_07,0.09290486569756462,0.2,0.01903726708929809,0.00886454555638274,0.01017272153291535,0.016532258064516133,0.6
1995-03-31,Comm_04,0.062724208754401,0.2,0.01903726708929809,0.00886454555638274,0.01017272153291535,0.016532258064516133,0.6
1995-03-31,Stock_15,0.021336209167027262,0.2,0.01903726708929809,0.00886454555638274,0.01017272153291535,0.016532258064516133,0.6
1995-03-31,Idx_03,0.010219597337424967,0.2,0.01903726708929809,0.00886454555638274,0.01017272153291535,0.016532258064516133,0.6
1995-03-31,Stock_05,0.00954446143123629,0.2,0.01903726708929809,0.00886454555638274,0.01017272153291535,0.016532258064516133,0.6
1995-04-28,Stock_12,0.03726875490868844,0.2,0.0137619778895028,0.015432266608284992,-0.0016702887187821924,-0.04717741935483871,0.2
1995-04-28,Stock_07,0.03596926592490435,0.2,0.0137619778895028,0.015432266608284992,-0.0016702887187821924,-0.04717741935483871,0.2
1995-04-28,Stock_09,0.029774259322191104,0.2,0.0137619778895028,0.015432266608284992,-0.0016702887187821924,-0.04717741935483871,0.2
1995-04-28,Stock_03,0.01667808636372933,0.2,0.0137619778895028,0.015432266608284992,-0.0016702887187821924,-0.04717741935483871,0.2
1995-04-28,Idx_04,0.015232614117386373,0.2,0.0137619778895028,0.015432266608284992,-0.0016702887187821924,-0.04717741935483871,0.2
1995-05-31,Stock_15,0.11399659077108375,0.2,0.0781914077157074,0.03635429084095434,0.04183711687475306,0.39822562960720637,0.8
1995-05-31,Comm_03,0.09523970290771036,0.2,0.0781914077157074,0.03635429084095434,0.04183711687475306,0.39822562960720637,0.8
1995-05-31,Idx_01,0.07851111712781013,0.2,0.0781914077157074,0.03635429084095434,0.04183711687475306,0.39822562960720637,0.8
1995-05-31,Stock_03,0.07648534651578563,0.2,0.0781914077157074,0.03635429084095434,0.04183711687475306,0.39822562960720637,0.8
1995-05-31,Idx_04,0.06681384365566533,0.2,0.0781914077157074,0.03635429084095434,0.04183711687475306,0.39822562960720637,0.8
1995-06-30,Comm_04,0.05337522044452778,0.2,0.1397728179398219,0.002846164662004259,0.13692665327781764,0.410525256648239,0.8
1995-06-30,Stock_12,0.042284885932815784,0.2,0.1397728179398219,0.002846164662004259,0.13692665327781764,0.410525256648239,0.8
1995-06-30,Stock_14,0.040092543855497986,0.2,0.1397728179398219,0.002846164662004259,0.13692665327781764,0.410525256648239,0.8
1995-06-30,Idx_01,0.027301052350974055,0.2,0.1397728179398219,0.002846164662004259,0.13692665327781764,0.410525256648239,0.8
1995-06-30,Stock_10,0.014973293314112592,0.2,0.1397728179398219,0.002846164662004259,0.13692665327781764,0.410525256648239,0.8
1995-07-31,Stock_11,0.029812675467077457,0.2,0.050730862754176084,0.021938481969759102,0.028792380784416982,0.17540322580645162,0.4
1995-07-31,Stock_10,0.02791879828755745,0.2,0.050730862754176084,0.021938481969759102,0.028792380784416982,0.17540322580645162,0.4
1995-07-31,Comm_04,0.021853869243508392,0.2,0.050730862754176084,0.021938481969759102,0.028792380784416982,0.17540322580645162,0.4
1995-07-31,Stock_01,0.02162337817385151,0.2,0.050730862754176084,0.021938481969759102,0.028792380784416982,0.17540322580645162,0.4
1995-07-31,Stock_15,0.0198285066904208,0.2,0.050730862754176084,0.021938481969759102,0.028792380784416982,0.17540322580645162,0.4
1995-08-31,Idx_01,0.2712365391281948,0.2,-0.00510899287587461,-6.243630527435435e-05,-0.005046556570600256,0.24112903225806454,0.4
1995-08-31,Stock_13,0.03613092155349577,0.2,-0.00510899287587461,-6.243630527435435e-05,-0.005046556570600256,0.24112903225806454,0.4
1995-08-31,Stock_01,0.02313546573679015,0.2,-0.00510899287587461,-6.243630527435435e-05,-0.005046556570600256,0.24112903225806454,0.4
1995-08-31,Stock_06,0.022188570343165463,0.2,-0.00510899287587461,-6.243630527435435e-05,-0.005046556570600256,0.24112903225806454,0.4
1995-08-31,Stock_15,0.0199483742079694,0.2,-0.00510899287587461,-6.243630527435435e-05,-0.005046556570600256,0.24112903225806454,0.4
1995-09-29,Idx_01,0.06563857611367785,0.2,-0.007980362664491494,0.022193082916484176,-0.03017344558097567,-0.3116935483870968,0.2
1995-09-29,Stock_15,0.049866853524590596,0.2,-0.007980362664491494,0.022193082916484176,-0.03017344558097567,-0.3116935483870968,0.2
1995-09-29,Stock_07,0.01908894388677159,0.2,-0.007980362664491494,0.022193082916484176,-0.03017344558097567,-0.3116935483870968,0.2
1995-09-29,Stock_03,0.014874288803153762,0.2,-0.007980362664491494,0.022193082916484176,-0.03017344558097567,-0.3116935483870968,0.2
1995-09-29,Stock_02,0.011128039786925305,0.2,-0.007980362664491494,0.022193082916484176,-0.03017344558097567,-0.3116935483870968,0.2
1995-10-31,Stock_02,0.021196018386820326,0.2,0.07012300757257314,0.0223000075187872,0.04782300005378594,0.12440770302159307,1.0
1995-10-31,Idx_04,0.02002064303709213,0.2,0.07012300757257314,0.0223000075187872,0.04782300005378594,0.12440770302159307,1.0
1995-10-31,Idx_01,0.016525746506697074,0.2,0.07012300757257314,0.0223000075187872,0.04782300005378594,0.12440770302159307,1.0
1995-10-31,Comm_03,0.014969572939234307,0.2,0.07012300757257314,0.0223000075187872,0.04782300005378594,0.12440770302159307,1.0
1995-10-31,Stock_07,0.012851249681406383,0.2,0.07012300757257314,0.0223000075187872,0.04782300005378594,0.12440770302159307,1.0
1995-11-30,Stock_13,0.05872973015167899,0.2,0.08147117405865026,0.031239977503477477,0.05023119655517278,0.3145161290322581,0.8
1995-11-30,Comm_04,0.02563788724914035,0.2,0.08147117405865026,0.031239977503477477,0.05023119655517278,0.3145161290322581,0.8
1995-11-30,Stock_09,0.023309578430476832,0.2,0.08147117405865026,0.031239977503477477,0.05023119655517278,0.3145161290322581,0.8
1995-11-30,Comm_03,0.014951166141712536,0.2,0.08147117405865026,0.031239977503477477,0.05023119655517278,0.3145161290322581,0.8
1995-11-30,FX_01,0.012839654265474896,0.2,0.08147117405865026,0.031239977503477477,0.05023119655517278,0.3145161290322581,0.8
1995-12-29,Idx_01,0.09572639116825413,0.2,0.02419969762362053,0.026178490895736227,-0.0019787932721156976,0.03145161290322581,0.8
1995-12-29,Idx_04,0.028697811539018334,0.2,0.02419969762362053,0.026178490895736227,-0.0019787932721156976,0.03145161290322581,0.8
1995-12-29,Stock_13,0.02244401255972161,0.2,0.02419969762362053,0.026178490895736227,-0.0019787932721156976,0.03145161290322581,0.8
1995-12-29,Stock_08,0.01988892259812315,0.2,0.02419969762362053,0.026178490895736227,-0.0019787932721156976,0.03145161290322581,0.8
1995-12-29,Stock_03,0.018355880863522626,0.2,0.02419969762362053,0.026178490895736227,-0.0019787932721156976,0.03145161290322581,0.8
1996-01-31,Idx_01,0.10489440588317527,0.2,-0.03730392370510939,0.005782848304099914,-0.0430867720092093,-0.3312833971871595,0.2
1996-01-31,Comm_04,0.05742764292353896,0.2,-0.03730392370510939,0.005782848304099914,-0.0430867720092093,-0.3312833971871595,0.2
1996-01-31,Stock_04,0.030245359870187335,0.2,-0.03730392370510939,0.005782848304099914,-0.0430867720092093,-0.3312833971871595,0.2
1996-01-31,Stock_07,0.022025036483485964,0.2,-0.03730392370510939,0.005782848304099914,-0.0430867720092093,-0.3312833971871595,0.2
1996-01-31,Stock_12,0.019505331794409643,0.2,-0.03730392370510939,0.005782848304099914,-0.0430867720092093,-0.3312833971871595,0.2
1996-02-29,Idx_01,0.17479384439954945,0.2,-0.024398479777347905,0.002221524204677781,-0.026620003982025686,-0.2395161290322581,0.2
1996-02-29,Stock_09,0.02389737204804045,0.2,-0.024398479777347905,0.002221524204677781,-0.026620003982025686,-0.2395161290322581,0.2
1996-02-29,Stock_02,0.020268032946372732,0.2,-0.024398479777347905,0.002221524204677781,-0.026620003982025686,-0.2395161290322581,0.2
1996-02-29,Idx_04,0.013810686242849498,0.2,-0.024398479777347905,0.002221524204677781,-0.026620003982025686,-0.2395161290322581,0.2
1996-02-29,Comm_03,0.013313143201254403,0.2,-0.024398479777347905,0.002221524204677781,-0.026620003982025686,-0.2395161290322581,0.2
1996-03-29,Idx_01,0.1905943730285248,0.2,0.04980518897878343,-0.01080784263866797,0.0606130316174514,0.1528225806451613,0.6
1996-03-29,Stock_13,0.016306769036934274,0.2,0.04980518897878343,-0.01080784263866797,0.0606130316174514,0.1528225806451613,0.6
1996-03-29,Idx_02,0.008374075264371282,0.2,0.04980518897878343,-0.01080784263866797,0.0606130316174514,0.1528225806451613,0.6
1996-03-29,Stock_06,0.004498336420736832,0.2,0.04980518897878343,-0.01080784263866797,0.0606130316174514,0.1528225806451613,0.6
1996-03-29,Idx_03,0.00440372804883338,0.2,0.04980518897878343,-0.01080784263866797,0.0606130316174514,0.1528225806451613,0.6
1996-04-30,Idx_01,0.03651096784185016,0.2,-0.06881698505305188,0.016103055730810067,-0.08492004078386195,0.028225806451612906,0.2
1996-04-30,Comm_06,0.017798096604753448,0.2,-0.06881698505305188,0.016103055730810067,-0.08492004078386195,0.028225806451612906,0.2
1996-04-30,Comm_04,0.010253520840227945,0.2,-0.06881698505305188,0.016103055730810067,-0.08492004078386195,0.028225806451612906,0.2
1996-04-30,Stock_02,0.008454070172014114,0.2,-0.06881698505305188,0.016103055730810067,-0.08492004078386195,0.028225806451612906,0.2
1996-04-30,Stock_04,0.004514015978984432,0.2,-0.06881698505305188,0.016103055730810067,-0.08492004078386195,0.028225806451612906,0.2
1996-05-31,Idx_01,0.21120286587549014,0.2,0.013995736099252965,0.0032876321840545047,0.01070810391519846,-0.00302449845271296,0.4
1996-05-31,Comm_06,0.05495814872453352,0.2,0.013995736099252965,0.0032876321840545047,0.01070810391519846,-0.00302449845271296,0.4
1996-05-31,Stock_15,0.017461072960744346,0.2,0.013995736099252965,0.0032876321840545047,0.01070810391519846,-0.00302449845271296,0.4
1996-05-31,Stock_13,0.015357676433833569,0.2,0.013995736099252965,0.0032876321840545047,0.01070810391519846,-0.00302449845271296,0.4
1996-05-31,Stock_07,0.0100844575531068,0.2,0.013995736099252965,0.0032876321840545047,0.01070810391519846,-0.00302449845271296,0.4
1996-06-28,Comm_06,0.0532149838638586,0.2,0.03089124498124159,0.014442057669308233,0.016449187311933358,0.2705645161290323,0.8
1996-06-28,Stock_15,0.022466621260207133,0.2,0.03089124498124159,0.014442057669308233,0.016449187311933358,0.2705645161290323,0.8
1996-06-28,FX_04,0.011178324217624016,0.2,0.03089124498124159,0.014442057669308233,0.016449187311933358,0.2705645161290323,0.8
1996-06-28,Stock_05,0.007326925943356971,0.2,0.03089124498124159,0.014442057669308233,0.016449187311933358,0.2705645161290323,0.8
1996-06-28,FX_06,0.006309496618258107,0.2,0.03089124498124159,0.014442057669308233,0.016449187311933358,0.2705645161290323,0.8
1996-07-31,Idx_01,0.032744557434780296,0.2,-0.016996345750007365,0.01131878018199676,-0.028315125932004123,-0.06491935483870968,0.2
1996-07-31,Stock_13,0.017705859920887676,0.2,-0.016996345750007365,0.01131878018199676,-0.028315125932004123,-0.06491935483870968,0.2
1996-07-31,Comm_06,0.015687550147069667,0.2,-0.016996345750007365,0.01131878018199676,-0.028315125932004123,-0.06491935483870968,0.2
1996-07-31,Idx_03,0.013587323878188694,0.2,-0.016996345750007365,0.01131878018199676,-0.028315125932004123,-0.06491935483870968,0.2
1996-07-31,FX_04,0.013520485363311225,0.2,-0.016996345750007365,0.01131878018199676,-0.028315125932004123,-0.06491935483870968,0.2
1996-08-30,Stock_13,0.049709967531173245,0.2,-0.012975068073529262,0.009181808682089709,-0.02215687675561897,-0.08548387096774195,0.2
1996-08-30,Stock_04,0.03429586148961794,0.2,-0.012975068073529262,0.009181808682089709,-0.02215687675561897,-0.08548387096774195,0.2
1996-08-30,Stock_15,0.020313945369355667,0.2,-0.012975068073529262,0.009181808682089709,-0.02215687675561897,-0.08548387096774195,0.2
1996-08-30,FX_04,0.011714284019010706,0.2,-0.012975068073529262,0.009181808682089709,-0.02215687675561897,-0.08548387096774195,0.2
1996-08-30,Comm_05,0.0076721298447056715,0.2,-0.012975068073529262,0.009181808682089709,-0.02215687675561897,-0.08548387096774195,0.2
1996-09-30,Idx_01,0.08912881190361883,0.2,0.02817189340846648,0.03610620552930993,-0.007934312120843452,-0.2717741935483871,0.4
1996-09-30,Comm_06,0.01928793523704629,0.2,0.02817189340846648,0.03610620552930993,-0.007934312120843452,-0.2717741935483871,0.4
1996-09-30,Idx_03,0.012004090275940162,0.2,0.02817189340846648,0.03610620552930993,-0.007934312120843452,-0.2717741935483871,0.4
1996-09-30,Stock_04,0.008336375624714367,0.2,0.02817189340846648,0.03610620552930993,-0.007934312120843452,-0.2717741935483871,0.4
1996-09-30,Idx_04,0.00658720966999105,0.2,0.02817189340846648,0.03610620552930993,-0.007934312120843452,-0.2717741935483871,0.4
1996-10-31,Idx_01,0.057220419743930384,0.2,-0.03387777526334441,-0.027346669426398785,-0.006531105836945623,-0.029032258064516134,0.4
1996-10-31,Stock_05,0.01977270756793837,0.2,-0.03387777526334441,-0.027346669426398785,-0.006531105836945623,-0.029032258064516134,0.4
1996-10-31,Stock_07,0.01892993307310152,0.2,-0.03387777526334441,-0.027346669426398785,-0.006531105836945623,-0.029032258064516134,0.4
1996-10-31,Comm_06,0.016834210648614692,0.2,-0.03387777526334441,-0.027346669426398785,-0.006531105836945623,-0.029032258064516134,0.4
1996-10-31,Comm_04,0.013977332759128637,0.2,-0.03387777526334441,-0.027346669426398785,-0.006531105836945623,-0.029032258064516134,0.4
1996-11-29,Idx_01,0.1867018544459402,0.2,0.0770220408215164,0.055068958039352814,0.021953082782163583,0.28024193548387105,0.6
1996-11-29,Stock_04,0.014234695989128162,0.2,0.0770220408215164,0.055068958039352814,0.021953082782163583,0.28024193548387105,0.6
1996-11-29,Comm_03,0.01101920714630887,0.2,0.0770220408215164,0.055068958039352814,0.021953082782163583,0.28024193548387105,0.6
1996-11-29,Comm_05,0.010806570664338041,0.2,0.0770220408215164,0.055068958039352814,0.021953082782163583,0.28024193548387105,0.6
1996-11-29,Stock_05,0.00994130064570862,0.2,0.0770220408215164,0.055068958039352814,0.021953082782163583,0.28024193548387105,0.6
1996-12-31,Idx_01,0.025413848609692712,0.2,0.06987731290705398,-0.027466116802101394,0.09734342970915538,-0.017741935483870968,0.4
1996-12-31,Idx_02,0.013598284945166393,0.2,0.06987731290705398,-0.027466116802101394,0.09734342970915538,-0.017741935483870968,0.4
1996-12-31,Idx_03,0.01264919580980872,0.2,0.06987731290705398,-0.027466116802101394,0.09734342970915538,-0.017741935483870968,0.4
1996-12-31,Stock_13,0.012118356291315224,0.2,0.06987731290705398,-0.027466116802101394,0.09734342970915538,-0.017741935483870968,0.4
1996-12-31,Idx_04,0.010650257053422933,0.2,0.06987731290705398,-0.027466116802101394,0.09734342970915538,-0.017741935483870968,0.4
1997-01-31,Comm_04,0.04438906236346328,0.2,-0.006582007019711766,-0.013032487048675474,0.006450480028963708,0.00403225806451613,0.6
1997-01-31,Idx_04,0.009912603625585891,0.2,-0.006582007019711766,-0.013032487048675474,0.006450480028963708,0.00403225806451613,0.6
1997-01-31,Stock_10,0.009654942585397784,0.2,-0.006582007019711766,-0.013032487048675474,0.006450480028963708,0.00403225806451613,0.6
1997-01-31,Idx_02,0.00909555724493748,0.2,-0.006582007019711766,-0.013032487048675474,0.006450480028963708,0.00403225806451613,0.6
1997-01-31,Comm_05,0.007946916548886117,0.2,-0.006582007019711766,-0.013032487048675474,0.006450480028963708,0.00403225806451613,0.6
1997-02-28,Comm_04,0.016705301002873426,0.2,0.0348058042483473,0.028221495065665146,0.006584309182682151,-0.2024193548387097,0.4
1997-02-28,Stock_15,0.01253426342048386,0.2,0.0348058042483473,0.028221495065665146,0.006584309182682151,-0.2024193548387097,0.4
1997-02-28,Comm_06,0.008475904216009444,0.2,0.0348058042483473,0.028221495065665146,0.006584309182682151,-0.2024193548387097,0.4
1997-02-28,Idx_02,0.008464440099536348,0.2,0.0348058042483473,0.028221495065665146,0.006584309182682151,-0.2024193548387097,0.4
1997-02-28,Stock_02,0.006543130641660608,0.2,0.0348058042483473,0.028221495065665146,0.006584309182682151,-0.2024193548387097,0.4
1997-03-31,Comm_04,0.017961584077909723,0.2,0.03844214859380167,0.011808711875806498,0.026633436717995174,0.21693548387096775,0.8
1997-03-31,Idx_01,0.01735946837168153,0.2,0.03844214859380167,0.011808711875806498,0.026633436717995174,0.21693548387096775,0.8
1997-03-31,Stock_13,0.010476080170202249,0.2,0.03844214859380167,0.011808711875806498,0.026633436717995174,0.21693548387096775,0.8
1997-03-31,Stock_14,0.009887447924157468,0.2,0.03844214859380167,0.011808711875806498,0.026633436717995174,0.21693548387096775,0.8
1997-03-31,Stock_06,0.008667859358989474,0.2,0.03844214859380167,0.011808711875806498,0.026633436717995174,0.21693548387096775,0.8
1997-04-30,Stock_13,0.015490855543195407,0.2,-0.06475793112565643,-0.02742252057806565,-0.037335410547590785,-0.19717741935483873,0.4
1997-04-30,Comm_06,0.015437771448734967,0.2,-0.06475793112565643,-0.02742252057806565,-0.037335410547590785,-0.19717741935483873,0.4
1997-04-30,Stock_14,0.009920489860690466,0.2,-0.06475793112565643,-0.02742252057806565,-0.037335410547590785,-0.19717741935483873,0.4
1997-04-30,Stock_15,0.008892059171325706,0.2,-0.06475793112565643,-0.02742252057806565,-0.037335410547590785,-0.19717741935483873,0.4
1997-04-30,Stock_06,0.008441357532630105,0.2,-0.06475793112565643,-0.02742252057806565,-0.037335410547590785,-0.19717741935483873,0.4
1997-05-30,Stock_13,0.0194134071878811,0.2,0.03168255720671489,-0.000310703697801434,0.031993260904516325,0.3181451612903226,0.8
1997-05-30,Stock_14,0.009909290210279129,0.2,0.03168255720671489,-0.000310703697801434,0.031993260904516325,0.3181451612903226,0.8
1997-05-30,Stock_10,0.007203750254791489,0.2,0.03168255720671489,-0.000310703697801434,0.031993260904516325,0.3181451612903226,0.8
1997-05-30,Idx_02,0.006526129688802327,0.2,0.03168255720671489,-0.000310703697801434,0.031993260904516325,0.3181451612903226,0.8
1997-05-30,Comm_06,0.005937371586565582,0.2,0.03168255720671489,-0.000310703697801434,0.031993260904516325,0.3181451612903226,0.8
1997-06-30,Stock_12,0.01659697383802223,0.2,0.016866176897256665,-0.004445644212001886,0.021311821109258552,0.4298387096774194,0.8
1997-06-30,Stock_04,0.010424231271290703,0.2,0.016866176897256665,-0.004445644212001886,0.021311821109258552,0.4298387096774194,0.8
1997-06-30,Comm_03,0.008570047975511648,0.2,0.016866176897256665,-0.004445644212001886,0.021311821109258552,0.4298387096774194,0.8
1997-06-30,Idx_01,0.007586102291048479,0.2,0.016866176897256665,-0.004445644212001886,0.021311821109258552,0.4298387096774194,0.8
1997-06-30,Stock_06,0.007402001336597237,0.2,0.016866176897256665,-0.004445644212001886,0.021311821109258552,0.4298387096774194,0.8
1997-07-31,Idx_01,0.0830384801702086,0.2,0.02244834026461216,0.020278683964524216,0.002169656300087943,-0.018550257176639485,0.6
1997-07-31,Comm_06,0.01817071076112497,0.2,0.02244834026461216,0.020278683964524216,0.002169656300087943,-0.018550257176639485,0.6
1997-07-31,Stock_04,0.012497590207916394,0.2,0.02244834026461216,0.020278683964524216,0.002169656300087943,-0.018550257176639485,0.6
1997-07-31,Stock_06,0.006740830209756608,0.2,0.02244834026461216,0.020278683964524216,0.002169656300087943,-0.018550257176639485,0.6
1997-07-31,Stock_09,0.0055537290585632865,0.2,0.02244834026461216,0.020278683964524216,0.002169656300087943,-0.018550257176639485,0.6
1997-08-29,Idx_01,0.007409892507324415,0.2,0.0941358061808245,-0.05133872375648647,0.14547452993731097,0.30362903225806454,0.6
1997-08-29,Stock_11,0.007206502810670889,0.2,0.0941358061808245,-0.05133872375648647,0.14547452993731097,0.30362903225806454,0.6
1997-08-29,Stock_08,0.006695936590100112,0.2,0.0941358061808245,-0.05133872375648647,0.14547452993731097,0.30362903225806454,0.6
1997-08-29,Idx_04,0.006356650008856684,0.2,0.0941358061808245,-0.05133872375648647,0.14547452993731097,0.30362903225806454,0.6
1997-08-29,Comm_04,0.005795184763062296,0.2,0.0941358061808245,-0.05133872375648647,0.14547452993731097,0.30362903225806454,0.6
1997-09-30,Comm_06,0.012435007827759931,0.2,0.022768603813487585,-0.010912155879051151,0.03368075969253874,0.5850806451612903,0.8
1997-09-30,Stock_06,0.011735931638714154,0.2,0.022768603813487585,-0.010912155879051151,0.03368075969253874,0.5850806451612903,0.8
1997-09-30,Idx_02,0.011229879167229388,0.2,0.022768603813487585,-0.010912155879051151,0.03368075969253874,0.5850806451612903,0.8
1997-09-30,Comm_05,0.00825726849270112,0.2,0.022768603813487585,-0.010912155879051151,0.03368075969253874,0.5850806451612903,0.8
1997-09-30,Stock_09,0.007738885219370544,0.2,0.022768603813487585,-0.010912155879051151,0.03368075969253874,0.5850806451612903,0.8
1997-10-31,Stock_14,0.052790552488286124,0.2,-0.04058713890228012,-0.037923460365277425,-0.002663678537002695,0.05362903225806453,0.4
1997-10-31,Stock_04,0.027105031530808486,0.2,-0.04058713890228012,-0.037923460365277425,-0.002663678537002695,0.05362903225806453,0.4
1997-10-31,Stock_09,0.006143626375557166,0.2,-0.04058713890228012,-0.037923460365277425,-0.002663678537002695,0.05362903225806453,0.4
1997-10-31,Idx_04,0.004579342503417387,0.2,-0.04058713890228012,-0.037923460365277425,-0.002663678537002695,0.05362903225806453,0.4
1997-10-31,Stock_13,0.004510566271998264,0.2,-0.04058713890228012,-0.037923460365277425,-0.002663678537002695,0.05362903225806453,0.4
1997-11-28,Comm_04,0.04882572524306209,0.2,-0.006087573032652469,0.010198475846691587,-0.016286048879344057,0.16774193548387098,0.4
1997-11-28,Stock_13,0.01171555675187124,0.2,-0.006087573032652469,0.010198475846691587,-0.016286048879344057,0.16774193548387098,0.4
1997-11-28,Stock_05,0.010679617057027333,0.2,-0.006087573032652469,0.010198475846691587,-0.016286048879344057,0.16774193548387098,0.4
1997-11-28,Stock_09,0.0085173550794173,0.2,-0.006087573032652469,0.010198475846691587,-0.016286048879344057,0.16774193548387098,0.4
1997-11-28,Stock_07,0.00691320446640183,0.2,-0.006087573032652469,0.010198475846691587,-0.016286048879344057,0.16774193548387098,0.4
1997-12-31,Comm_04,0.08988326927411695,0.2,0.03817632897611199,0.0025160971223197187,0.035660231853792274,-0.10362903225806452,0.6
1997-12-31,Stock_05,0.02232910467625574,0.2,0.03817632897611199,0.0025160971223197187,0.035660231853792274,-0.10362903225806452,0.6
1997-12-31,Stock_04,0.020682430384112986,0.2,0.03817632897611199,0.0025160971223197187,0.035660231853792274,-0.10362903225806452,0.6
1997-12-31,Stock_14,0.010757648132291816,0.2,0.03817632897611199,0.0025160971223197187,0.035660231853792274,-0.10362903225806452,0.6
1997-12-31,Idx_04,0.007926361269269752,0.2,0.03817632897611199,0.0025160971223197187,0.035660231853792274,-0.10362903225806452,0.6
1998-01-30,Comm_04,0.03502547451262696,0.2,0.03273458861417613,0.020318725499896842,0.012415863114279287,-0.11935483870967743,0.6
1998-01-30,Stock_13,0.006581300756513538,0.2,0.03273458861417613,0.020318725499896842,0.012415863114279287,-0.11935483870967743,0.6
1998-01-30,Stock_05,0.004455749084549706,0.2,0.03273458861417613,0.020318725499896842,0.012415863114279287,-0.11935483870967743,0.6
1998-01-30,FX_02,0.0026780797819548046,0.2,0.03273458861417613,0.020318725499896842,0.012415863114279287,-0.11935483870967743,0.6
1998-01-30,Stock_02,0.002656699228055523,0.2,0.03273458861417613,0.020318725499896842,0.012415863114279287,-0.11935483870967743,0.6
1998-02-27,Comm_04,0.04919941701283239,0.2,-0.02403203220891,-0.06069327787090621,0.03666124566199622,-0.0036290322580645167,0.4
1998-02-27,Idx_01,0.03765884858490945,0.2,-0.02403203220891,-0.06069327787090621,0.03666124566199622,-0.0036290322580645167,0.4
1998-02-27,Stock_01,0.01600122357401847,0.2,-0.02403203220891,-0.06069327787090621,0.03666124566199622,-0.0036290322580645167,0.4
1998-02-27,Stock_15,0.0147458147198989,0.2,-0.02403203220891,-0.06069327787090621,0.03666124566199622,-0.0036290322580645167,0.4
1998-02-27,Stock_11,0.009890172211365405,0.2,-0.02403203220891,-0.06069327787090621,0.03666124566199622,-0.0036290322580645167,0.4
1998-03-31,Comm_04,0.039320376036926875,0.2,0.063046151885161,0.019511217273948736,0.04353493461121226,0.21088709677419357,0.6
1998-03-31,Comm_03,0.03100988946969792,0.2,0.063046151885161,0.019511217273948736,0.04353493461121226,0.21088709677419357,0.6
1998-03-31,Stock_14,0.018358722455869777,0.2,0.063046151885161,0.019511217273948736,0.04353493461121226,0.21088709677419357,0.6
1998-03-31,Stock_12,0.011154615275280801,0.2,0.063046151885161,0.019511217273948736,0.04353493461121226,0.21088709677419357,0.6
1998-03-31,Comm_05,0.005238027795884288,0.2,0.063046151885161,0.019511217273948736,0.04353493461121226,0.21088709677419357,0.6
1998-04-30,Idx_01,0.15768106523363237,0.2,0.0008028673029416011,-0.06654628306639812,0.06734915036933972,0.21612903225806454,0.6
1998-04-30,Stock_14,0.04473904659346248,0.2,0.0008028673029416011,-0.06654628306639812,0.06734915036933972,0.21612903225806454,0.6
1998-04-30,Comm_04,0.03377589061898735,0.2,0.0008028673029416011,-0.06654628306639812,0.06734915036933972,0.21612903225806454,0.6
1998-04-30,Comm_03,0.014778110839339706,0.2,0.0008028673029416011,-0.06654628306639812,0.06734915036933972,0.21612903225806454,0.6
1998-04-30,Stock_04,0.012984540195780216,0.2,0.0008028673029416011,-0.06654628306639812,0.06734915036933972,0.21612903225806454,0.6
1998-05-29,Comm_04,0.03314522387923121,0.2,0.09502409302105666,0.06774161256984182,0.02728248045121484,0.18870967741935485,0.6
1998-05-29,Stock_04,0.024986610084236957,0.2,0.09502409302105666,0.06774161256984182,0.02728248045121484,0.18870967741935485,0.6
1998-05-29,Stock_12,0.021572547209720936,0.2,0.09502409302105666,0.06774161256984182,0.02728248045121484,0.18870967741935485,0.6
1998-05-29,Comm_03,0.01827445660968785,0.2,0.09502409302105666,0.06774161256984182,0.02728248045121484,0.18870967741935485,0.6
1998-05-29,Stock_07,0.013411372061665212,0.2,0.09502409302105666,0.06774161256984182,0.02728248045121484,0.18870967741935485,0.6
1998-06-30,Idx_01,0.03410978315397374,0.2,-0.027822746555624483,0.010157441943300108,-0.037980188498924594,-0.47262829154394514,0.2
1998-06-30,Stock_08,0.016267158121447065,0.2,-0.027822746555624483,0.010157441943300108,-0.037980188498924594,-0.47262829154394514,0.2
1998-06-30,Comm_01,0.011848161061573064,0.2,-0.027822746555624483,0.010157441943300108,-0.037980188498924594,-0.47262829154394514,0.2
1998-06-30,Comm_04,0.008804322739482515,0.2,-0.027822746555624483,0.010157441943300108,-0.037980188498924594,-0.47262829154394514,0.2
1998-06-30,Stock_10,0.007859732510226078,0.2,-0.027822746555624483,0.010157441943300108,-0.037980188498924594,-0.47262829154394514,0.2
1998-07-31,Idx_01,0.09982162111905334,0.2,-0.01453104411647961,0.007806598617906273,-0.022337642734385883,-0.1768323428686177,0.4
1998-07-31,Stock_15,0.036380531591228955,0.2,-0.01453104411647961,0.007806598617906273,-0.022337642734385883,-0.1768323428686177,0.4
1998-07-31,Comm_03,0.021513736748728977,0.2,-0.01453104411647961,0.007806598617906273,-0.022337642734385883,-0.1768323428686177,0.4
1998-07-31,Comm_01,0.012084910382561523,0.2,-0.01453104411647961,0.007806598617906273,-0.022337642734385883,-0.1768323428686177,0.4
1998-07-31,Stock_14,0.010088811444092538,0.2,-0.01453104411647961,0.007806598617906273,-0.022337642734385883,-0.1768323428686177,0.4
1998-08-31,Idx_01,0.0937336894172726,0.2,,,,,
1998-08-31,Comm_04,0.029643249221032078,0.2,,,,,
1998-08-31,Stock_04,0.027931844851672112,0.2,,,,,
1998-08-31,Stock_03,0.009856953708943506,0.2,,,,,
1998-08-31,Stock_07,0.005490987361405,0.2,,,,,
1998-09-15,Idx_01,0.14287522680641104,0.2,,,,,
1998-09-15,Comm_04,0.03194047392822813,0.2,,,,,
1998-09-15,Stock_15,0.028669956051039145,0.2,,,,,
1998-09-15,Comm_03,0.01037766611840231,0.2,,,,,
1998-09-15,Stock_14,0.007479927619918148,0.2,,,,,
